id,positionClass,powerClass,words,frequent,score
1,1,skill,分析,3616,100
2,1,skill,語文,2918,80.7836
3,1,skill,行政,1348,37.5606
4,1,skill,英文,1039,29.0537
5,1,skill,作業,932,26.1079
6,1,skill,Excel,971,27.1816
7,1,skill,資料,875,24.5387
8,1,skill,Word,802,22.5289
9,1,skill,訓練,705,19.8585
10,1,skill,銷售,701,19.7483
11,1,skill,駕照,694,19.5556
12,1,skill,業務,691,19.473
13,1,skill,客服,667,18.8123
14,1,skill,規劃,656,18.5095
15,1,skill,金融,583,16.4997
16,1,skill,溝通,558,15.8115
17,1,skill,交辦,536,15.2058
18,1,skill,PowerPoint,536,15.2058
19,1,skill,顧問,531,15.0681
20,1,skill,保險,525,14.9029
21,1,skill,專案,449,12.8106
22,1,skill,事務,446,12.728
23,1,skill,中文,419,11.9847
24,1,skill,打字,417,11.9296
25,1,skill,文書,407,11.6543
26,1,skill,經營,406,11.6268
27,1,skill,帳務,402,11.5167
28,1,skill,餐飲,387,11.1037
29,1,skill,專櫃,386,11.0762
30,1,skill,Outlook,353,10.1677
31,1,skill,人事,350,10.0851
32,1,skill,商業,339,9.78226
33,1,skill,行銷,327,9.45189
34,1,skill,仲介,325,9.39683
35,1,skill,系統,301,8.7361
36,1,skill,協調,286,8.32314
37,1,skill,介紹,257,7.52475
38,1,skill,聯絡,214,6.34093
39,1,skill,軟體,212,6.28587
40,1,skill,記帳,211,6.25834
41,1,skill,台語,202,6.01057
42,1,skill,採購,186,5.57008
43,1,skill,電信,175,5.26724
44,1,skill,整合,172,5.18465
45,1,skill,計畫,171,5.15712
46,1,skill,研發,163,4.93687
47,1,skill,日文,153,4.66157
48,1,skill,計算,150,4.57898
49,1,skill,餐廚,145,4.44132
50,1,skill,收銀,136,4.19355
51,1,skill,建檔,136,4.19355
52,1,skill,報告,136,4.19355
53,1,skill,財務會計,132,4.08343
54,1,skill,解說,118,3.698
55,1,skill,財稅,118,3.698
56,1,skill,Windows,117,3.67047
57,1,skill,包裝,116,3.64294
58,1,skill,記錄,92,2.9822
59,1,skill,Office,84,2.76196
60,1,skill,評估,81,2.67937
61,1,skill,財會,80,2.65184
62,1,skill,調查,78,2.59677
63,1,skill,ERP,78,2.59677
64,1,skill,投資,78,2.59677
65,1,skill,外商,77,2.56924
66,1,skill,詢問,77,2.56924
67,1,skill,法務,77,2.56924
68,1,skill,法規,77,2.56924
69,1,skill,專利,76,2.54171
70,1,skill,理財,74,2.48665
71,1,skill,理賠,51,1.85345
72,1,skill,查核,51,1.85345
73,1,skill,檢討,51,1.85345
74,1,skill,Adobe,51,1.85345
75,1,skill,TOEIC,48,1.77086
76,1,skill,查帳,48,1.77086
77,1,skill,電機,46,1.7158
78,1,skill,倉管,46,1.7158
79,1,skill,Internet,40,1.55061
80,1,skill,Explorer,40,1.55061
81,1,skill,倉庫,39,1.52308
82,1,skill,English,39,1.52308
83,1,skill,出勤,39,1.52308
84,1,skill,口條,37,1.46802
85,1,skill,辦公軟體,34,1.38543
86,1,skill,英語,33,1.3579
87,1,skill,清潔維護,29,1.24778
88,1,skill,財務,28,1.22024
89,1,skill,規範,28,1.22024
90,1,skill,收支,28,1.22024
91,1,skill,Acrobat,28,1.22024
92,1,skill,應變,27,1.19271
93,1,skill,監督,27,1.19271
94,1,skill,調貨,27,1.19271
95,1,skill,SAP,26,1.16518
96,1,skill,Photoshop,25,1.13765
97,1,skill,熟電腦,24,1.11012
98,1,skill,前置,24,1.11012
99,1,skill,轉接,24,1.11012
100,1,skill,XP,24,1.11012
101,1,skill,談判,23,1.08259
102,1,skill,文案,23,1.08259
103,1,skill,development,23,1.08259
104,1,skill,創意,23,1.08259
105,1,skill,文教,23,1.08259
106,1,skill,建築,23,1.08259
107,1,skill,外語,23,1.08259
108,1,skill,維護,23,1.08259
109,1,skill,連絡,23,1.08259
110,1,skill,帳務作業,23,1.08259
111,1,skill,商學,22,1.05506
112,1,skill,規畫,21,1.02753
113,1,skill,推廣,20,1
114,1,skill,核銷,20,1
115,1,experience,管理,7945,100
116,1,experience,出差,4868,61.5521
117,1,experience,外派,4673,59.1155
118,1,experience,大學,1805,23.2791
119,1,experience,專科,1482,19.2431
120,1,experience,服務,1114,14.6448
121,1,experience,就業,1020,13.4703
122,1,experience,經驗,1006,13.2953
123,1,experience,二度,1001,13.2329
124,1,experience,高中,992,13.1204
125,1,experience,助理,872,11.621
126,1,experience,訓練,705,9.53427
127,1,experience,行政助理,613,8.3847
128,1,experience,顧問,531,7.36009
129,1,experience,保險,525,7.28512
130,1,experience,派遣,510,7.09769
131,1,experience,碩士,503,7.01022
132,1,experience,財務,459,6.46043
133,1,experience,員工,448,6.32298
134,1,experience,經營,406,5.79818
135,1,experience,帳務,402,5.7482
136,1,experience,餐飲,387,5.56077
137,1,experience,專櫃,386,5.54828
138,1,experience,秘書,337,4.93601
139,1,experience,培訓,325,4.78607
140,1,experience,服務生,306,4.54866
141,1,experience,證照,303,4.51117
142,1,experience,工程,300,4.47368
143,1,experience,資訊,277,4.18629
144,1,experience,服務人員,264,4.02385
145,1,experience,法律,177,2.93677
146,1,experience,會計學,166,2.79932
147,1,experience,無經驗,149,2.5869
148,1,experience,案件,148,2.5744
149,1,experience,貿易,106,2.0496
150,1,experience,財務人員,93,1.88716
151,1,experience,專利,76,1.67474
152,1,experience,行銷人員,74,1.64975
153,1,experience,experience,69,1.58728
154,1,experience,HR,68,1.57478
155,1,experience,經驗佳,47,1.31238
156,1,experience,班導師,23,1.0125
157,1,experience,貨營業員,23,1.0125
158,1,experience,外勤,22,1
159,1,trait,責任,4526,100
160,1,trait,精通,1124,25.2225
161,1,trait,負責,942,21.222
162,1,trait,溝通,558,12.7815
163,1,trait,積極,370,8.6492
164,1,trait,熱忱,316,7.46226
165,1,trait,細心,297,7.04463
166,1,trait,主動,222,5.39609
167,1,trait,熱情,142,3.63766
168,1,trait,認真,119,3.1321
169,1,trait,耐心,119,3.1321
170,1,trait,獨立,115,3.04418
171,1,trait,優秀,115,3.04418
172,1,trait,親切,110,2.93428
173,1,trait,穩定,106,2.84636
174,1,trait,抗壓性,97,2.64853
175,1,trait,親民,96,2.62655
176,1,trait,挑戰,95,2.60457
177,1,trait,具服務,95,2.60457
178,1,trait,抗壓,95,2.60457
179,1,trait,清晰,85,2.38477
180,1,trait,實務,82,2.31883
181,1,trait,溝通協調,82,2.31883
182,1,trait,快樂,82,2.31883
183,1,trait,活潑,73,2.121
184,1,trait,分享,70,2.05506
185,1,trait,責任感,65,1.94516
186,1,trait,企圖心,59,1.81328
187,1,trait,邏輯,51,1.63743
188,1,trait,樂觀,46,1.52753
189,1,trait,進取,46,1.52753
190,1,trait,耐勞,40,1.39565
191,1,trait,EQ,39,1.37367
192,1,trait,communication,38,1.35169
193,1,trait,快速,37,1.32971
194,1,trait,謹慎,37,1.32971
195,1,trait,誠信,36,1.30773
196,1,trait,激勵,34,1.26377
197,1,trait,面對,34,1.26377
198,1,trait,負責任,34,1.26377
199,1,trait,勤快,33,1.24179
200,1,trait,熱誠,33,1.24179
201,1,trait,心細,32,1.2198
202,1,trait,關懷,31,1.19782
203,1,trait,靈敏,23,1.02198
204,1,trait,維護,23,1.02198
205,1,trait,親和力,23,1.02198
206,1,trait,吃苦,22,1
207,2,skill,語文,1400,100
208,2,skill,銷售,1039,74.0834
209,2,skill,行銷,980,69.8477
210,2,skill,英文,584,41.4184
211,2,skill,機車,437,30.8651
212,2,skill,專案,428,30.219
213,2,skill,駕照,426,30.0754
214,2,skill,Excel,318,22.322
215,2,skill,PowerPoint,232,16.1479
216,2,skill,支援,212,14.7121
217,2,skill,台語,195,13.4917
218,2,skill,網站,171,11.7687
219,2,skill,資料,162,11.1226
220,2,skill,廣告,160,10.979
221,2,skill,媒體,160,10.979
222,2,skill,維護,156,10.6918
223,2,skill,金融,151,10.3328
224,2,skill,推廣,131,8.89703
225,2,skill,技巧,130,8.82524
226,2,skill,整合,129,8.75344
227,2,skill,科技,125,8.46628
228,2,skill,電子,125,8.46628
229,2,skill,數位,125,8.46628
230,2,skill,電腦,123,8.3227
231,2,skill,分配,115,7.74837
232,2,skill,汽車,98,6.52792
233,2,skill,經銷,69,4.44598
234,2,skill,檢查,69,4.44598
235,2,skill,文案,68,4.37418
236,2,skill,交通工具,52,3.22553
237,2,skill,management,49,3.01015
238,2,skill,企管,49,3.01015
239,2,skill,接聽,48,2.93836
240,2,skill,sales,46,2.79478
241,2,skill,簡報,46,2.79478
242,2,skill,電機,43,2.57941
243,2,skill,數據,39,2.29224
244,2,skill,SAP,39,2.29224
245,2,skill,Marketing,37,2.14866
246,2,skill,Adobe,36,2.07687
247,2,skill,data,35,2.00508
248,2,skill,倉儲,33,1.86149
249,2,skill,領導,32,1.7897
250,2,skill,SQL,28,1.50254
251,2,skill,遊戲,28,1.50254
252,2,skill,Office,27,1.43075
253,2,skill,TOEIC,26,1.35896
254,2,skill,Photoshop,25,1.28716
255,2,skill,美編,24,1.21537
256,2,skill,asp,24,1.21537
257,2,skill,Internet,22,1.07179
258,2,skill,程式,22,1.07179
259,2,skill,Account,22,1.07179
260,2,skill,管控,21,1
261,2,skill,XP,21,1
262,2,experience,管理,4494,100
263,2,experience,銷售,1039,23.5483
264,2,experience,行銷,980,22.2427
265,2,experience,服務,977,22.1764
266,2,experience,大學,844,19.2333
267,2,experience,專科,685,15.715
268,2,experience,高中,534,12.3737
269,2,experience,市場,430,10.0724
270,2,experience,專案,428,10.0282
271,2,experience,客服,414,9.71837
272,2,experience,顧客,359,8.50134
273,2,experience,碩士,269,6.50983
274,2,experience,行政,261,6.33281
275,2,experience,顧問,216,5.33706
276,2,experience,業務人員,208,5.16004
277,2,experience,經驗,251,6.11153
278,2,experience,網站,171,4.34131
279,2,experience,保險,162,4.14215
280,2,experience,廣告,160,4.0979
281,2,experience,媒體,160,4.0979
282,2,experience,維護,156,4.00939
283,2,experience,知識,155,3.98726
284,2,experience,金融,151,3.89875
285,2,experience,推廣,131,3.45619
286,2,experience,整合,129,3.41194
287,2,experience,科技,125,3.32342
288,2,experience,電子,125,3.32342
289,2,experience,數位,125,3.32342
290,2,experience,電腦,123,3.27917
291,2,experience,分配,115,3.10215
292,2,experience,食品,97,2.70384
293,2,experience,公關,97,2.70384
294,2,experience,經銷,69,2.08426
295,2,experience,文案,68,2.06214
296,2,experience,experience,68,2.06214
297,2,experience,management,49,1.64171
298,2,experience,企管,49,1.64171
299,2,experience,行政助理,48,1.61958
300,2,experience,負責產品,48,1.61958
301,2,experience,接聽,48,1.61958
302,2,experience,清潔維護,46,1.57532
303,2,experience,sales,46,1.57532
304,2,experience,簡報,46,1.57532
305,2,experience,電機,43,1.50894
306,2,experience,ERP,37,1.37617
307,2,experience,Marketing,37,1.37617
308,2,experience,倉儲,33,1.28766
309,2,experience,領導,32,1.26553
310,2,experience,談判,28,1.17702
311,2,experience,遊戲,28,1.17702
312,2,experience,Office,27,1.15489
313,2,experience,Photoshop,25,1.11064
314,2,experience,美編,24,1.08851
315,2,experience,asp,24,1.08851
316,2,experience,Internet,22,1.04426
317,2,experience,English,22,1.04426
318,2,experience,程式,22,1.04426
319,2,experience,統計,22,1.04426
320,2,experience,Account,22,1.04426
321,2,experience,推廣,21,1.02213
322,2,experience,管控,21,1.02213
323,2,experience,設計師,20,1
324,2,trait,責任,2586,100
325,2,trait,負責,546,21.2938
326,2,trait,溝通,413,16.1625
327,2,trait,熱忱,251,9.91231
328,2,trait,熱情,230,9.1021
329,2,trait,協調,209,8.29189
330,2,trait,挑戰,160,6.4014
331,2,trait,喜歡,156,6.24708
332,2,trait,活潑,128,5.1668
333,2,trait,企圖心,103,4.20226
334,2,trait,親切,103,4.20226
335,2,trait,熱愛,102,4.16368
336,2,trait,具服務,97,3.97077
337,2,trait,抗壓性,87,3.58496
338,2,trait,激勵,80,3.31489
339,2,trait,細心,64,2.69758
340,2,trait,清晰,58,2.4661
341,2,trait,抗壓,43,1.88737
342,2,trait,樂觀,41,1.81021
343,2,trait,邏輯,40,1.77163
344,2,trait,耐心,39,1.73305
345,2,trait,創意,38,1.69447
346,2,trait,認真,37,1.65588
347,2,trait,活力,36,1.6173
348,2,trait,笑容,33,1.50156
349,2,trait,親和力,32,1.46298
350,2,trait,流利,31,1.4244
351,2,trait,communication,31,1.4244
352,2,trait,責任感,28,1.30865
353,2,trait,企圖,20,1
354,2,trait,EQ,20,1
355,2,trait,耐勞,20,1
356,3,Skill,英美,63,100
357,3,Skill,口譯,62,97.6977
358,3,Skill,遊戲,62,97.6977
359,3,Skill,CSS,59,90.7907
360,3,Skill,蒐集,59,90.7907
361,3,Skill,編寫,59,90.7907
362,3,Skill,剪輯,58,88.4884
363,3,Skill,打字,58,88.4884
364,3,Skill,Windows,57,86.186
365,3,Skill,文編,57,86.186
366,3,Skill,TOEIC,55,81.5814
367,3,Skill,2D,54,79.2791
368,3,Skill,GEPT,53,76.9767
369,3,Skill,印刷,51,72.3721
370,3,Skill,文宣,51,72.3721
371,3,Skill,DM,49,67.7674
372,3,Skill,CorelDraw,47,63.1628
373,3,Skill,指導,47,63.1628
374,3,Skill,介面,47,63.1628
375,3,Skill,宣傳,46,60.8605
376,3,Skill,Dreamweaver,43,53.9535
377,3,Skill,剪接,41,49.3488
378,3,Skill,jQuery,40,47.0465
379,3,Skill,採訪,40,47.0465
380,3,Skill,Internet,38,42.4419
381,3,Skill,統合,38,42.4419
382,3,Skill,統計,38,42.4419
383,3,Skill,English,37,40.1395
384,3,Skill,測試,37,40.1395
385,3,Skill,RWD,37,40.1395
386,3,Skill,拍攝,37,40.1395
387,3,Skill,扮演,37,40.1395
388,3,Skill,InDesign,37,40.1395
389,3,Skill,PHP,37,40.1395
390,3,Skill,Sketch,36,37.8372
391,3,Skill,協助解決,36,37.8372
392,3,Skill,教務,35,35.5349
393,3,Skill,人文,35,35.5349
394,3,Skill,Designer,35,35.5349
395,3,Skill,JavaScript,55,81.5814
396,3,Skill,企畫,35,35.5349
397,3,Skill,修圖,33,30.9302
398,3,Skill,簡報,32,28.6279
399,3,Skill,Acrobat,30,24.0233
400,3,Skill,中英文,29,21.7209
401,3,Skill,EDM,29,21.7209
402,3,Skill,CAD,29,21.7209
403,3,Skill,Web,27,17.1163
404,3,Skill,報告,25,12.5116
405,3,Skill,Flash,25,12.5116
406,3,Skill,Premiere,25,12.5116
407,3,Skill,控管,25,12.5116
408,3,Skill,溝通協調,24,10.2093
409,3,Skill,採購,24,10.2093
410,3,Skill,編譯,23,7.90698
411,3,Skill,research,22,5.60465
412,3,Skill,培養,22,5.60465
413,3,Skill,掌控,22,5.60465
414,3,Skill,CTI,22,5.60465
415,3,Skill,採編,22,5.60465
416,3,Skill,facebook,21,3.30233
417,3,Skill,CIS,21,3.30233
418,3,Skill,XP,21,3.30233
419,3,Skill,分派,20,1
420,3,Skill,外國語文,20,1
421,3,experience,管理,2983,100
422,3,experience,設計,2751,92.2458
423,3,experience,分析,1364,45.8876
424,3,experience,老師,976,32.9193
425,3,experience,大學,707,23.9284
426,3,experience,補習,696,23.5608
427,3,experience,專科,582,19.7505
428,3,experience,經驗,561,19.0486
429,3,experience,教育,506,17.2103
430,3,experience,設計師,494,16.8092
431,3,experience,網頁,442,15.0712
432,3,experience,教學,420,14.3359
433,3,experience,繪圖,399,13.634
434,3,experience,行銷,389,13.2998
435,3,experience,行政,273,9.42269
436,3,experience,二度,272,9.38926
437,3,experience,美術,269,9.28899
438,3,experience,碩士,267,9.22215
439,3,experience,研究,263,9.08845
440,3,experience,教師,256,8.85449
441,3,experience,高中,235,8.1526
442,3,experience,經驗,211,7.35044
443,3,experience,專案,207,7.21675
444,3,experience,媒體,202,7.04963
445,3,experience,藝術,199,6.94936
446,3,experience,經營社群,136,4.84369
447,3,experience,文理,123,4.40918
448,3,experience,機械,122,4.37576
449,3,experience,程式,120,4.30891
450,3,experience,資訊,104,3.77414
451,3,experience,攝影,103,3.74072
452,3,experience,講師,103,3.74072
453,3,experience,課輔,103,3.74072
454,3,experience,保育,87,3.20594
455,3,experience,業務,84,3.10567
456,3,experience,銷售,75,2.80486
457,3,experience,數學,75,2.80486
458,3,experience,建築,64,2.4372
459,3,experience,口譯,62,2.37036
460,3,experience,記者,62,2.37036
461,3,experience,蒐集,59,2.27009
462,3,experience,編寫,59,2.27009
463,3,experience,數理,57,2.20324
464,3,experience,傳播,51,2.0027
465,3,experience,美術學,49,1.93585
466,3,experience,指導,47,1.86901
467,3,experience,保母,44,1.76874
468,3,experience,博士,43,1.73531
469,3,experience,剪接,41,1.66847
470,3,experience,通路,41,1.66847
471,3,experience,新聞,41,1.66847
472,3,experience,教練,41,1.66847
473,3,experience,統計,38,1.5682
474,3,experience,人文,35,1.46793
475,3,experience,企畫,35,1.46793
476,3,experience,experience,33,1.40108
477,3,experience,修圖,33,1.40108
478,3,experience,報告,25,1.13369
479,3,experience,商務,25,1.13369
480,3,experience,帶班,25,1.13369
481,3,experience,財經,24,1.10027
482,3,experience,research,22,1.03342
483,3,experience,美學,21,1
484,3,trait,責任,2279,100
485,3,trait,溝通,347,15.3307
486,3,trait,負責,235,10.4223
487,3,trait,配合,227,10.0717
488,3,trait,創意,168,7.48606
489,3,trait,積極,129,5.77689
490,3,trait,獨立,118,5.29482
491,3,trait,熱忱,115,5.16335
492,3,trait,協調,110,4.94422
493,3,trait,耐心,97,4.3745
494,3,trait,細心,89,4.0239
495,3,trait,熱情,80,3.62948
496,3,trait,照顧,72,3.27888
497,3,trait,互動,71,3.23506
498,3,trait,主動,67,3.05976
499,3,trait,挑戰,59,2.70916
500,3,trait,思考,57,2.62151
501,3,trait,美感,53,2.44622
502,3,trait,解決,52,2.40239
503,3,trait,獨立,46,2.13944
504,3,trait,表達,40,1.87649
505,3,trait,抗壓性,40,1.87649
506,3,trait,邏輯,40,1.87649
507,3,trait,創新,39,1.83267
508,3,trait,活潑,37,1.74502
509,3,trait,協助解決,36,1.7012
510,3,trait,責任感,32,1.5259
511,3,trait,抗壓,31,1.48207
512,3,trait,SolidWorks,25,1.21912
513,3,trait,溝通協調,24,1.1753
514,3,trait,企圖心,24,1.1753
515,3,trait,調解,21,1.04382
516,3,trait,爭吵,21,1.04382
517,3,trait,傾聽,21,1.04382
518,3,trait,關懷鼓勵,21,1.04382
519,3,trait,活力,20,1
520,3,trait,清楚,20,1
521,4,skill,操作,611,100
522,4,skill,系統,609,99.665
523,4,skill,開發,569,92.9645
524,4,skill,技術,533,86.934
525,4,skill,軟體,512,83.4162
526,4,skill,程式,473,76.8832
527,4,skill,機車,370,59.6294
528,4,skill,生產,364,58.6244
529,4,skill,維護,346,55.6091
530,4,skill,規劃,332,53.264
531,4,skill,專案,320,51.2538
532,4,skill,駕照,314,50.2487
533,4,skill,研發,286,45.5584
534,4,skill,維修,258,40.868
535,4,skill,車,254,40.198
536,4,skill,品管,224,35.1726
537,4,skill,加工,211,32.9949
538,4,skill,檢驗,199,30.9848
539,4,skill,Excel,195,30.3147
540,4,skill,Word,190,29.4772
541,4,skill,機台,188,29.1421
542,4,skill,網路,185,28.6396
543,4,skill,電腦,175,26.9645
544,4,skill,汽車,173,26.6294
545,4,skill,保養,169,25.9594
546,4,skill,繪圖,165,25.2893
547,4,skill,溝通,155,23.6142
548,4,skill,Windows,151,22.9442
549,4,skill,包裝,150,22.7766
550,4,skill,PowerPoint,131,19.5939
551,4,skill,CNC,127,18.9239
552,4,skill,品保,122,18.0863
553,4,skill,AutoCAD,140,21.1015
554,4,skill,空調,99,14.2335
555,4,skill,程序,97,13.8985
556,4,skill,控制,95,13.5635
557,4,skill,Internet,95,13.5635
558,4,skill,解決,94,13.3959
559,4,skill,化學,93,13.2284
560,4,skill,韌體,92,13.0609
561,4,skill,IC,92,13.0609
562,4,skill,組裝,91,12.8934
563,4,skill,網站,88,12.3909
564,4,skill,生產技術,87,12.2234
565,4,skill,C,86,12.0558
566,4,skill,硬體,85,11.8883
567,4,skill,生產線,84,11.7208
568,4,skill,PHP,79,10.8832
569,4,skill,機器,78,10.7157
570,4,skill,Java,96,13.731
571,4,skill,研究,75,10.2132
572,4,skill,SQL,74,10.0457
573,4,skill,3D,73,9.87817
574,4,skill,電路,69,9.20812
575,4,skill,台語,68,9.04061
576,4,skill,自動,67,8.8731
577,4,skill,design,66,8.70558
578,4,skill,輪胎,66,8.70558
579,4,skill,機電,65,8.53807
580,4,skill,MIS,65,8.53807
581,4,skill,Linux,62,8.03553
582,4,skill,C++,62,8.03553
583,4,skill,quality,62,8.03553
584,4,skill,機械維護,61,7.86802
585,4,skill,冷凍,60,7.70051
586,4,skill,C#,58,7.36548
587,4,skill,PLC,58,7.36548
588,4,skill,CAD,57,7.19797
589,4,skill,網頁,57,7.19797
590,4,skill,土木工程,57,7.19797
591,4,skill,ISO,57,7.19797
592,4,skill,2D,55,6.86294
593,4,skill,ERP,54,6.69543
594,4,skill,Server,54,6.69543
595,4,skill,報告,51,6.19289
596,4,skill,中文,51,6.19289
597,4,skill,NET,49,5.85787
598,4,skill,檢測,47,5.52284
599,4,skill,日文,47,5.52284
600,4,skill,行政,47,5.52284
601,4,skill,PCB,44,5.0203
602,4,skill,前端,44,5.0203
603,4,skill,HTML,43,4.85279
604,4,skill,Android,43,4.85279
605,4,skill,水電,42,4.68528
606,4,skill,演算法,42,4.68528
607,4,skill,JavaScript,41,4.51777
608,4,skill,Web,40,4.35025
609,4,skill,語言,40,4.35025
610,4,skill,ASP,40,4.35025
611,4,skill,調整,37,3.84772
612,4,skill,APP,36,3.6802
613,4,skill,communication,35,3.51269
614,4,skill,management,35,3.51269
615,4,skill,影像,35,3.51269
616,4,skill,MySQL,33,3.17766
617,4,skill,engineering,60,7.70051
618,4,skill,汽修,33,3.17766
619,4,skill,電控,32,3.01015
620,4,skill,焊接,32,3.01015
621,4,skill,晶片,32,3.01015
622,4,skill,iOS,30,2.67513
623,4,skill,遊戲,30,2.67513
624,4,skill,裝修,30,2.67513
625,4,skill,jQuery,28,2.3401
626,4,skill,Software,28,2.3401
627,4,skill,analysis,28,2.3401
628,4,skill,數據,28,2.3401
629,4,skill,裝配,28,2.3401
630,4,skill,檢修,28,2.3401
631,4,skill,打字,27,2.17259
632,4,skill,Office,26,2.00508
633,4,skill,R,26,2.00508
634,4,skill,Python,26,2.00508
635,4,skill,SMT,26,2.00508
636,4,skill,效率,25,1.83756
637,4,skill,IT,25,1.83756
638,4,skill,軟韌體,25,1.83756
639,4,skill,統計,25,1.83756
640,4,skill,金融,25,1.83756
641,4,skill,data,24,1.67005
642,4,skill,Design,23,1.50254
643,4,skill,QA,23,1.50254
644,4,skill,Adobe,23,1.50254
645,4,skill,Visual,23,1.50254
646,4,skill,SSD,23,1.50254
647,4,skill,XP,22,1.33503
648,4,skill,光學,20,1
649,4,skill,測量,20,1
650,4,skill,倉儲,20,1
651,4,skill,分配,20,1
652,4,experience,管理,3358,100
653,4,experience,工程,3173,94.5132
654,4,experience,出差,2363,70.4898
655,4,experience,語文,1187,35.6114
656,4,experience,大學,698,21.1084
657,4,experience,機械,641,19.4179
658,4,experience,專科,617,18.7061
659,4,experience,操作,611,18.5282
660,4,experience,系統,609,18.4688
661,4,experience,開發,569,17.2825
662,4,experience,經驗,566,17.1935
663,4,experience,軟體,512,15.592
664,4,experience,電子,488,14.8802
665,4,experience,程式,473,14.4353
666,4,experience,英文,471,14.376
667,4,experience,電機,451,13.7828
668,4,experience,資訊,427,13.071
669,4,experience,高中,389,11.944
670,4,experience,生產,364,11.2025
671,4,experience,維護,346,10.6687
672,4,experience,工業,343,10.5797
673,4,experience,規劃,332,10.2534
674,4,experience,專案,320,9.89754
675,4,experience,碩士,300,9.30437
676,4,experience,研發,286,8.88916
677,4,experience,維修,258,8.05872
678,4,experience,資料,256,7.9994
679,4,experience,品管,224,7.05033
680,4,experience,處理,213,6.72409
681,4,experience,服務,213,6.72409
682,4,experience,協助,212,6.69443
683,4,experience,加工,211,6.66477
684,4,experience,檢驗,199,6.30887
685,4,experience,Excel,195,6.19023
686,4,experience,設計師,193,6.13092
687,4,experience,Word,190,6.04194
688,4,experience,機台,188,5.98262
689,4,experience,網路,185,5.89365
690,4,experience,電腦,175,5.59706
691,4,experience,保養,169,5.41911
692,4,experience,繪圖,165,5.30048
693,4,experience,包裝員,163,5.24116
694,4,experience,改善,159,5.12253
695,4,experience,Windows,151,4.88526
696,4,experience,包裝,150,4.8556
697,4,experience,模具,138,4.4997
698,4,experience,協調,133,4.35141
699,4,experience,PowerPoint,131,4.29209
700,4,experience,CNC,127,4.17346
701,4,experience,品保,122,4.02516
702,4,experience,自動化,119,3.93619
703,4,experience,AutoCAD,140,4.55902
704,4,experience,支援,103,3.46165
705,4,experience,建築,103,3.46165
706,4,experience,空調,99,3.34302
707,4,experience,程序,97,3.2837
708,4,experience,控制,95,3.22439
709,4,experience,Internet,95,3.22439
710,4,experience,解決,94,3.19473
711,4,experience,材料,94,3.19473
712,4,experience,化學,93,3.16507
713,4,experience,韌體,92,3.13541
714,4,experience,IC,92,3.13541
715,4,experience,組裝,91,3.10575
716,4,experience,experience,89,3.04643
717,4,experience,網站,88,3.01678
718,4,experience,生產技術,87,2.98712
719,4,experience,C,86,2.95746
720,4,experience,Engineer,86,2.95746
721,4,experience,硬體,85,2.9278
722,4,experience,生產線,84,2.89814
723,4,experience,test,83,2.86848
724,4,experience,PHP,79,2.74985
725,4,experience,機器,78,2.72019
726,4,experience,SAP,76,2.66087
727,4,experience,Java,96,3.25404
728,4,experience,研究,75,2.63122
729,4,experience,生管,74,2.60156
730,4,experience,SQL,74,2.60156
731,4,experience,評估,74,2.60156
732,4,experience,3D,73,2.5719
733,4,experience,數位,72,2.54224
734,4,experience,電路,69,2.45327
735,4,experience,自動,67,2.39395
736,4,experience,design,66,2.36429
737,4,experience,輪胎,66,2.36429
738,4,experience,機電,65,2.33463
739,4,experience,MIS,65,2.33463
740,4,experience,Linux,62,2.24566
741,4,experience,C++,62,2.24566
742,4,experience,quality,62,2.24566
743,4,experience,機械維護,61,2.216
744,4,experience,冷凍,60,2.18634
745,4,experience,採購,60,2.18634
746,4,experience,C#,58,2.12702
747,4,experience,PLC,58,2.12702
748,4,experience,CAD,57,2.09736
749,4,experience,網頁,57,2.09736
750,4,experience,土木工程,57,2.09736
751,4,experience,ISO,57,2.09736
752,4,experience,2D,55,2.03805
753,4,experience,ERP,54,2.00839
754,4,experience,Server,54,2.00839
755,4,experience,客服,53,1.97873
756,4,experience,MS,53,1.97873
757,4,experience,報告,51,1.91941
758,4,experience,NET,49,1.8601
759,4,experience,檢測,47,1.80078
760,4,experience,行政,47,1.80078
761,4,experience,testing,44,1.7118
762,4,experience,PCB,44,1.7118
763,4,experience,前端,44,1.7118
764,4,experience,HTML,43,1.68214
765,4,experience,Android,43,1.68214
766,4,experience,水電,42,1.65249
767,4,experience,演算法,42,1.65249
768,4,experience,JavaScript,41,1.62283
769,4,experience,FAE,41,1.62283
770,4,experience,研究所,41,1.62283
771,4,experience,Web,40,1.59317
772,4,experience,ASP,40,1.59317
773,4,experience,Experience,38,1.53385
774,4,experience,光電,38,1.53385
775,4,experience,APP,36,1.47454
776,4,experience,丙級,36,1.47454
777,4,experience,土木,35,1.44488
778,4,experience,management,35,1.44488
779,4,experience,驗證,33,1.38556
780,4,experience,MySQL,33,1.38556
781,4,experience,engineering,60,2.18634
782,4,experience,汽修,33,1.38556
783,4,experience,電控,32,1.3559
784,4,experience,焊接,32,1.3559
785,4,experience,估算,32,1.3559
786,4,experience,晶片,32,1.3559
787,4,experience,CAM,31,1.32624
788,4,experience,車輛,31,1.32624
789,4,experience,iOS,30,1.29658
790,4,experience,遊戲,30,1.29658
791,4,experience,SolidWorks,30,1.29658
792,4,experience,裝修,30,1.29658
793,4,experience,機電技師,29,1.26693
794,4,experience,jQuery,28,1.23727
795,4,experience,Software,28,1.23727
796,4,experience,working,28,1.23727
797,4,experience,analysis,28,1.23727
798,4,experience,裝配,28,1.23727
799,4,experience,檢修,28,1.23727
800,4,experience,打字,27,1.20761
801,4,experience,Office,26,1.17795
802,4,experience,R,26,1.17795
803,4,experience,Python,26,1.17795
804,4,experience,SMT,26,1.17795
805,4,experience,IT,25,1.14829
806,4,experience,support,25,1.14829
807,4,experience,軟韌體,25,1.14829
808,4,experience,統計,25,1.14829
809,4,experience,金融,25,1.14829
810,4,experience,Design,23,1.08898
811,4,experience,QA,23,1.08898
812,4,experience,Visual,23,1.08898
813,4,experience,SSD,23,1.08898
814,4,experience,理工,22,1.05932
815,4,experience,專利,22,1.05932
816,4,experience,學徒,22,1.05932
817,4,experience,研發類,22,1.05932
818,4,experience,Oracle,21,1.02966
819,4,experience,光學,20,1
820,4,experience,倉儲,20,1
821,4,experience,Test,20,1
822,4,trait,責任,2233,100
823,4,trait,配合,322,14.5102
824,4,trait,負責,254,11.4681
825,4,trait,溝通,155,7.03931
826,4,trait,協調,133,6.05513
827,4,trait,積極,81,3.72887
828,4,trait,合作,78,3.59467
829,4,trait,獨立,61,2.83416
830,4,trait,主動,51,2.38681
831,4,trait,穩定,51,2.38681
832,4,trait,細心,42,1.98418
833,4,trait,communication,35,1.67103
834,4,trait,熱忱,33,1.58156
835,4,trait,耐心,29,1.40262
836,4,trait,認真,28,1.35789
837,4,trait,肯學習,24,1.17894
838,4,trait,抗壓性,21,1.04474
839,4,trait,獨立,21,1.04474
840,4,trait,負責,21,1.04474
841,4,trait,責任感,20,1
842,5,skill,語文,1266,100
843,5,skill,amp,374,29.1268
844,5,skill,駕照,367,28.5706
845,5,skill,機車,361,28.0939
846,5,skill,協助,341,26.5048
847,5,skill,清潔,312,24.2006
848,5,skill,醫療,274,21.1814
849,5,skill,英文,250,19.2745
850,5,skill,銷售,220,16.8909
851,5,skill,倉管,211,16.1758
852,5,skill,小型,180,13.7127
853,5,skill,重型,176,13.3949
854,5,skill,輕型,147,11.0907
855,5,skill,維護,141,10.614
856,5,skill,行政,140,10.5345
857,5,skill,物料,140,10.5345
858,5,skill,資材,137,10.2961
859,5,skill,Excel,131,9.81942
860,5,skill,台語,121,9.02488
861,5,skill,溝通,121,9.02488
862,5,skill,Word,115,8.54815
863,5,skill,規劃,113,8.38925
864,5,skill,料理,113,8.38925
865,5,skill,技術,104,7.67416
866,5,skill,研發,100,7.35634
867,5,skill,醫藥,91,6.64125
868,5,skill,開發,88,6.40289
869,5,skill,工程,88,6.40289
870,5,skill,包裝,87,6.32343
871,5,skill,PowerPoint,66,4.6549
872,5,skill,物理,65,4.57544
873,5,skill,行銷,64,4.49599
874,5,skill,中文,63,4.41653
875,5,skill,醫事,61,4.25762
876,5,skill,ERP,59,4.09872
877,5,skill,烘焙,59,4.09872
878,5,skill,專科護理,58,4.01926
879,5,skill,電腦,56,3.86035
880,5,skill,車輛,55,3.7809
881,5,skill,工業,53,3.62199
882,5,skill,Outlook,50,3.38363
883,5,skill,清潔維護,41,2.66854
884,5,skill,企劃,41,2.66854
885,5,skill,蛋糕,41,2.66854
886,5,skill,蔬食,41,2.66854
887,5,skill,清洗,34,2.11236
888,5,skill,精油,34,2.11236
889,5,skill,控制,33,2.03291
890,5,skill,資訊,33,2.03291
891,5,skill,分派,33,2.03291
892,5,skill,語言,32,1.95345
893,5,skill,軟體,31,1.874
894,5,skill,汽車,30,1.79454
895,5,skill,日文,30,1.79454
896,5,skill,Windows,26,1.47673
897,5,skill,醫務,20,1
898,5,experience,管理,3523,100
899,5,experience,高中,724,20.8961
900,5,experience,專科,707,20.4156
901,5,experience,大學,614,17.7873
902,5,experience,二度,513,14.9329
903,5,experience,採購,497,14.4807
904,5,experience,餐飲,398,11.6828
905,5,experience,美容,375,11.0328
906,5,experience,清潔,312,9.25236
907,5,experience,醫師,309,9.16757
908,5,experience,保全,277,8.2632
909,5,experience,醫療,274,8.17842
910,5,experience,銷售,220,6.6523
911,5,experience,教育,217,6.56751
912,5,experience,廚師,214,6.48273
913,5,experience,倉管,211,6.39794
914,5,experience,護理師,203,6.17185
915,5,experience,維護,141,4.41964
916,5,experience,行政,140,4.39138
917,5,experience,物料,140,4.39138
918,5,experience,資材,137,4.30659
919,5,experience,Excel,131,4.13703
920,5,experience,Word,115,3.68484
921,5,experience,規劃,113,3.62832
922,5,experience,料理,113,3.62832
923,5,experience,照顧,110,3.54353
924,5,experience,保養,108,3.48701
925,5,experience,技術,104,3.37397
926,5,experience,碩士,103,3.3457
927,5,experience,研發,100,3.26092
928,5,experience,送貨,92,3.03483
929,5,experience,醫藥,91,3.00657
930,5,experience,快遞,88,2.92178
931,5,experience,開發,88,2.92178
932,5,experience,工程,88,2.92178
933,5,experience,包裝,87,2.89352
934,5,experience,PowerPoint,66,2.30003
935,5,experience,病房,65,2.27177
936,5,experience,物理,65,2.27177
937,5,experience,行銷,64,2.24351
938,5,experience,作業員,61,2.15872
939,5,experience,醫事,61,2.15872
940,5,experience,ERP,59,2.1022
941,5,experience,烘焙,59,2.1022
942,5,experience,醫學,58,2.07394
943,5,experience,專科護理,58,2.07394
944,5,experience,顧問,58,2.07394
945,5,experience,電腦,56,2.01741
946,5,experience,車輛,55,1.98915
947,5,experience,包裝員,55,1.98915
948,5,experience,工業,53,1.93263
949,5,experience,護士,53,1.93263
950,5,experience,調度,48,1.79132
951,5,experience,藥師,47,1.76306
952,5,experience,檢驗,47,1.76306
953,5,experience,清潔維護,41,1.59349
954,5,experience,企劃,41,1.59349
955,5,experience,醫學系,41,1.59349
956,5,experience,理貨,41,1.59349
957,5,experience,蛋糕,41,1.59349
958,5,experience,蔬食,41,1.59349
959,5,experience,駕駛,36,1.45218
960,5,experience,清洗,34,1.39566
961,5,experience,精油,34,1.39566
962,5,experience,控制,33,1.3674
963,5,experience,資訊,33,1.3674
964,5,experience,分派,33,1.3674
965,5,experience,出菜,33,1.3674
966,5,experience,教學,33,1.3674
967,5,experience,婚喪,33,1.3674
968,5,experience,美療,32,1.33914
969,5,experience,SPA,32,1.33914
970,5,experience,軟體,31,1.31088
971,5,experience,Windows,26,1.16957
972,5,experience,電子,26,1.16957
973,5,experience,牙科,23,1.08478
974,5,experience,醫務,20,1
975,5,experience,基層,20,1
976,5,experience,紀錄,20,1
977,5,experience,包師,20,1
978,5,trait,責任,2395,100
979,5,trait,配合,330,13.8858
980,5,trait,熱忱,221,9.34035
981,5,trait,溝通,121,5.17018
982,5,trait,細心,80,3.4604
983,5,trait,照護,79,3.4187
984,5,trait,親切,76,3.2936
985,5,trait,耐心,72,3.12679
986,5,trait,開朗,65,2.83488
987,5,trait,挑戰,52,2.29275
988,5,trait,活潑,48,2.12595
989,5,trait,信用,44,1.95914
990,5,trait,熱情,41,1.83404
991,5,trait,耐勞,34,1.54212
992,5,trait,抗壓性,33,1.50042
993,5,trait,認真,33,1.50042
994,5,trait,責任感,30,1.37532
995,5,trait,企圖心,29,1.33361
996,5,trait,活力,26,1.20851
997,5,trait,肯學習,23,1.0834
998,5,trait,抗壓,22,1.0417
999,5,trait,清晰,21,1
1000,5,trait,熱愛,21,1
